Name,Date,Time
Unknown,2025-09-06,14:39:49
Unknown,2025-09-06,14:39:49
Unknown,2025-09-06,14:39:49
Unknown,2025-09-06,14:39:49
Unknown,2025-09-06,14:39:49
Unknown,2025-09-06,14:39:49
Unknown,2025-09-06,14:39:49
Unknown,2025-09-06,14:39:49
Unknown,2025-09-06,14:39:49
Unknown,2025-09-06,14:39:49
Unknown,2025-09-06,14:39:49
Unknown,2025-09-06,14:39:49
Unknown,2025-09-06,14:39:49
Unknown,2025-09-06,14:39:49
Unknown,2025-09-06,14:39:49
Unknown,2025-09-06,14:39:49
Unknown,2025-09-06,14:39:49
Unknown,2025-09-06,14:39:50
Unknown,2025-09-06,14:39:50
Unknown,2025-09-06,14:39:50
Unknown,2025-09-06,14:39:50
Unknown,2025-09-06,14:39:50
Unknown,2025-09-06,14:39:50
Unknown,2025-09-06,14:39:50
Unknown,2025-09-06,14:39:50
Unknown,2025-09-06,14:39:50
Unknown,2025-09-06,14:39:50
Unknown,2025-09-06,14:39:50
Unknown,2025-09-06,14:39:50
Unknown,2025-09-06,14:39:50
Unknown,2025-09-06,14:39:50
Unknown,2025-09-06,14:39:50
Unknown,2025-09-06,14:39:50
Unknown,2025-09-06,14:39:50
Unknown,2025-09-06,14:39:50
Unknown,2025-09-06,14:39:50
Unknown,2025-09-06,14:39:50
Unknown,2025-09-06,14:39:50
Unknown,2025-09-06,14:39:50
Unknown,2025-09-06,14:39:50
Unknown,2025-09-06,14:39:50
Unknown,2025-09-06,14:39:50
Unknown,2025-09-06,14:39:50
Unknown,2025-09-06,14:39:50
Unknown,2025-09-06,14:39:50
Unknown,2025-09-06,14:39:50
Unknown,2025-09-06,14:39:50
Unknown,2025-09-06,14:39:51
Unknown,2025-09-06,14:39:51
Unknown,2025-09-06,14:39:51
Unknown,2025-09-06,14:39:51
Unknown,2025-09-06,14:39:51
Unknown,2025-09-06,14:39:51
Unknown,2025-09-06,14:39:51
Unknown,2025-09-06,14:39:51
Unknown,2025-09-06,14:39:51
Unknown,2025-09-06,14:39:51
Unknown,2025-09-06,14:39:51
Unknown,2025-09-06,14:39:51
Unknown,2025-09-06,14:39:51
Unknown,2025-09-06,14:39:51
Unknown,2025-09-06,14:39:51
Unknown,2025-09-06,14:39:51
Unknown,2025-09-06,14:39:51
Unknown,2025-09-06,14:39:51
Unknown,2025-09-06,14:39:51
Unknown,2025-09-06,14:39:51
Unknown,2025-09-06,14:39:51
Unknown,2025-09-06,14:39:51
Unknown,2025-09-06,14:39:51
Unknown,2025-09-06,14:39:51
Unknown,2025-09-06,14:39:51
Unknown,2025-09-06,14:39:51
Unknown,2025-09-06,14:39:51
Unknown,2025-09-06,14:39:51
Unknown,2025-09-06,14:39:51
Unknown,2025-09-06,14:39:51
Unknown,2025-09-06,14:39:52
Unknown,2025-09-06,14:39:52
Unknown,2025-09-06,14:39:52
Unknown,2025-09-06,14:39:52
Unknown,2025-09-06,14:39:52
Unknown,2025-09-06,14:39:52
Unknown,2025-09-06,14:39:52
Unknown,2025-09-06,14:39:52
Unknown,2025-09-06,14:39:52
Unknown,2025-09-06,14:39:52
Unknown,2025-09-06,14:39:52
Unknown,2025-09-06,14:39:52
Unknown,2025-09-06,14:39:52
Unknown,2025-09-06,14:39:52
Unknown,2025-09-06,14:39:52
Unknown,2025-09-06,14:39:52
Unknown,2025-09-06,14:39:52
Unknown,2025-09-06,14:39:52
Unknown,2025-09-06,14:39:52
Unknown,2025-09-06,14:39:52
Unknown,2025-09-06,14:39:52
Unknown,2025-09-06,14:39:52
Unknown,2025-09-06,14:39:52
Unknown,2025-09-06,14:39:52
Unknown,2025-09-06,14:39:52
Unknown,2025-09-06,14:39:52
Unknown,2025-09-06,14:39:52
Unknown,2025-09-06,14:39:53
Unknown,2025-09-06,14:39:53
Unknown,2025-09-06,14:39:53
Unknown,2025-09-06,14:39:53
Unknown,2025-09-06,14:39:53
Unknown,2025-09-06,14:39:53
Unknown,2025-09-06,14:39:53
Unknown,2025-09-06,14:39:53
Unknown,2025-09-06,14:39:53
Unknown,2025-09-06,14:39:53
Unknown,2025-09-06,14:39:53
Unknown,2025-09-06,14:39:53
Unknown,2025-09-06,14:39:53
Unknown,2025-09-06,14:39:53
Unknown,2025-09-06,14:39:53
Unknown,2025-09-06,14:39:53
Unknown,2025-09-06,14:39:53
Unknown,2025-09-06,14:39:53
Unknown,2025-09-06,14:39:53
Unknown,2025-09-06,14:39:53
Unknown,2025-09-06,14:39:53
Unknown,2025-09-06,14:39:53
Unknown,2025-09-06,14:39:53
Unknown,2025-09-06,14:39:53
Unknown,2025-09-06,14:39:53
Unknown,2025-09-06,14:39:53
Unknown,2025-09-06,14:39:53
Unknown,2025-09-06,14:39:53
Unknown,2025-09-06,14:39:53
Unknown,2025-09-06,14:39:53
Unknown,2025-09-06,14:39:54
Unknown,2025-09-06,14:39:54
Unknown,2025-09-06,14:39:54
Unknown,2025-09-06,14:39:54
Unknown,2025-09-06,14:39:54
Unknown,2025-09-06,14:39:54
Unknown,2025-09-06,14:39:54
Unknown,2025-09-06,14:39:54
Unknown,2025-09-06,14:39:54
Unknown,2025-09-06,14:39:54
Unknown,2025-09-06,14:39:54
Unknown,2025-09-06,14:39:54
Unknown,2025-09-06,14:39:54
Unknown,2025-09-06,14:39:54
Unknown,2025-09-06,14:39:54
Unknown,2025-09-06,14:39:54
Unknown,2025-09-06,14:39:54
Unknown,2025-09-06,14:39:54
Unknown,2025-09-06,14:39:54
Unknown,2025-09-06,14:39:54
Unknown,2025-09-06,14:39:54
Unknown,2025-09-06,14:39:54
Unknown,2025-09-06,14:39:54
Unknown,2025-09-06,14:39:54
Unknown,2025-09-06,14:39:54
Unknown,2025-09-06,14:39:54
Unknown,2025-09-06,14:39:54
Unknown,2025-09-06,14:39:54
Unknown,2025-09-06,14:39:54
Unknown,2025-09-06,14:39:54
Unknown,2025-09-06,14:39:55
Unknown,2025-09-06,14:39:55
Unknown,2025-09-06,14:39:55
Unknown,2025-09-06,14:39:55
Unknown,2025-09-06,14:39:55
Unknown,2025-09-06,14:39:55
Unknown,2025-09-06,14:39:55
Unknown,2025-09-06,14:39:55
Unknown,2025-09-06,14:39:55
Unknown,2025-09-06,14:39:55
Unknown,2025-09-06,14:39:55
Unknown,2025-09-06,14:39:55
Unknown,2025-09-06,14:39:55
Unknown,2025-09-06,14:39:55
Unknown,2025-09-06,14:39:55
Unknown,2025-09-06,14:39:55
Unknown,2025-09-06,14:39:55
Unknown,2025-09-06,14:39:55
Unknown,2025-09-06,14:39:55
Unknown,2025-09-06,14:39:55
Unknown,2025-09-06,14:39:55
Unknown,2025-09-06,14:39:56
Unknown,2025-09-06,14:39:56
Unknown,2025-09-06,14:39:56
Unknown,2025-09-06,14:39:56
Unknown,2025-09-06,14:39:56
Unknown,2025-09-06,14:39:56
Unknown,2025-09-06,14:39:56
Unknown,2025-09-06,14:39:56
Unknown,2025-09-06,14:39:56
Unknown,2025-09-06,14:39:56
Unknown,2025-09-06,14:39:56
Unknown,2025-09-06,14:39:56
Unknown,2025-09-06,14:39:56
Unknown,2025-09-06,14:39:56
Unknown,2025-09-06,14:39:56
Unknown,2025-09-06,14:39:56
Unknown,2025-09-06,14:39:56
Unknown,2025-09-06,14:39:56
Unknown,2025-09-06,14:39:56
Unknown,2025-09-06,14:39:56
Unknown,2025-09-06,14:39:56
Unknown,2025-09-06,14:39:56
Unknown,2025-09-06,14:39:56
Unknown,2025-09-06,14:39:56
Unknown,2025-09-06,14:39:56
Unknown,2025-09-06,14:39:56
Unknown,2025-09-06,14:39:56
Unknown,2025-09-06,14:39:56
Unknown,2025-09-06,14:39:56
Unknown,2025-09-06,14:39:56
Unknown,2025-09-06,14:39:57
Unknown,2025-09-06,14:39:57
Unknown,2025-09-06,14:39:57
Unknown,2025-09-06,14:39:57
Unknown,2025-09-06,14:39:57
Unknown,2025-09-06,14:39:57
Unknown,2025-09-06,14:39:57
Unknown,2025-09-06,14:39:57
Unknown,2025-09-06,14:39:57
Unknown,2025-09-06,14:39:57
Unknown,2025-09-06,14:39:57
Unknown,2025-09-06,14:39:57
Unknown,2025-09-06,14:39:57
Unknown,2025-09-06,14:39:57
Unknown,2025-09-06,14:39:57
Unknown,2025-09-06,14:39:57
Unknown,2025-09-06,14:39:57
Unknown,2025-09-06,14:39:57
Unknown,2025-09-06,14:39:57
Unknown,2025-09-06,14:39:57
Unknown,2025-09-06,14:39:57
Unknown,2025-09-06,14:39:57
Unknown,2025-09-06,14:39:57
Unknown,2025-09-06,14:39:57
Unknown,2025-09-06,14:39:58
Unknown,2025-09-06,14:39:58
Unknown,2025-09-06,14:39:58
Unknown,2025-09-06,14:39:58
Unknown,2025-09-06,14:39:58
Unknown,2025-09-06,14:39:58
Unknown,2025-09-06,14:39:58
Unknown,2025-09-06,14:39:58
Unknown,2025-09-06,14:39:58
Unknown,2025-09-06,14:39:58
Unknown,2025-09-06,14:39:58
Unknown,2025-09-06,14:39:58
Unknown,2025-09-06,14:39:58
Unknown,2025-09-06,14:39:58
Unknown,2025-09-06,14:39:58
Unknown,2025-09-06,14:39:58
Unknown,2025-09-06,14:39:58
Unknown,2025-09-06,14:39:58
Unknown,2025-09-06,14:39:58
Unknown,2025-09-06,14:39:58
Unknown,2025-09-06,14:39:58
Unknown,2025-09-06,14:39:58
Unknown,2025-09-06,14:39:58
Unknown,2025-09-06,14:39:58
Unknown,2025-09-06,14:39:58
Unknown,2025-09-06,14:39:58
Unknown,2025-09-06,14:39:58
Unknown,2025-09-06,14:39:58
Unknown,2025-09-06,14:39:58
Unknown,2025-09-06,14:39:58
Unknown,2025-09-06,14:39:59
Unknown,2025-09-06,14:39:59
Unknown,2025-09-06,14:39:59
Unknown,2025-09-06,14:39:59
Unknown,2025-09-06,14:39:59
Unknown,2025-09-06,14:39:59
Unknown,2025-09-06,14:39:59
Unknown,2025-09-06,14:39:59
Unknown,2025-09-06,14:39:59
Unknown,2025-09-06,14:39:59
